"id";"nome";"existencia";"preco";"preco_compra"
1;"SALITRE DO CHILE";0;6599;4619
2;"TORTA DE MAMONA";0;9239;6467
3;"SULFATO DE AMONIO";0;8299;5809
4;"SULFATO DE POTASSIO";0;7499;5249
5;"FERRO EDTA";0;8289;5802
6;"SUPER N";0;12499;8749
7;"KIMCOAT";0;18989;13292
8;"CLORETO DE AMONIO";0;19499;13649
9;"MICRO ESSENTIALS ";0;32799;22959
10;"SULFURGRAN";0;3699;2589
11;"ORGANOMINERAL";0;4199;2939
12;"TERMOFOSFATO POTASSICO";0;4599;3219
13;"MISTURA GRANULADA";0;5599;3919
14;"FERTIUM PHOS";0;5899;4129
15;"MOLIBDATO DE SODIO";0;6689;4682
